Описание;Цена;Рейтинг;Ссылка
"43"" Телевизор Samsung UE43DU7100UXRU, Crystal UHD, 4K Ultra HD, черный, СМАРТ ТВ, Tizen OS";38990₽;4.9;https://www.citilink.ru/product/televizor-led-samsung-43-ue43du7100uxru-smart-series-7-titan-4k-ultra-2014039/
"43"" Телевизор Hisense 43E7KQ, QLED, 4K Ultra HD, черный, СМАРТ ТВ, Vidaa";32990₽;4.9;https://www.citilink.ru/product/43-televizor-hisense-43e7kq-qled-4k-ultra-hd-chernyi-smart-tv-vidaa-1971178/
"50"" Телевизор Samsung UE50DU7100UXRU, Crystal UHD, 4K Ultra HD, черный, СМАРТ ТВ, Tizen OS";54990₽;5;https://www.citilink.ru/product/televizor-led-samsung-50-ue50du7100uxru-smart-series-7-chernyi-4k-ultr-2014044/
"50"" Телевизор Hisense 50E7KQ, QLED, 4K Ultra HD, черный, СМАРТ ТВ, Vidaa";39990₽;4.2;https://www.citilink.ru/product/50-televizor-hisense-50e7kq-qled-4k-ultra-hd-chernyi-smart-tv-vidaa-1957680/
"43"" Телевизор Samsung UE43DU8000UXRU, Crystal UHD, 4K Ultra HD, черный, СМАРТ ТВ, Tizen OS";47499₽;5;https://www.citilink.ru/product/televizor-led-samsung-43-ue43du8000uxru-smart-series-7-titan-4k-ultra-2012810/
"55"" Телевизор Hisense 55E7NQ, QLED, 4K Ultra HD, черный, СМАРТ ТВ, Vidaa";49990₽;5;https://www.citilink.ru/product/televizor-qled-hisense-55-55e7nq-smart-chernyi-4k-ultra-hd-dvb-t-60hz-2031075/
"65"" Телевизор TCL 65T7B, QLED, 4K Ultra HD, черный, СМАРТ ТВ, Google TV";64990₽;5;https://www.citilink.ru/product/televizor-qled-tcl-65-65t7b-smart-chernyi-4k-ultra-hd-dvb-t-60hz-dvb-t-2026779/
"75"" Телевизор TCL 75V6B, 4K Ultra HD, черный, СМАРТ ТВ, Google TV";79990₽;;https://www.citilink.ru/product/televizor-led-tcl-75-75v6b-smart-chernyi-4k-ultra-hd-dvb-t-60hz-dvb-t2-2022388/
"65"" Телевизор TCL 65V6B, 4K Ultra HD, черный, СМАРТ ТВ, Google TV";54990₽;5;https://www.citilink.ru/product/televizor-led-tcl-65-65v6b-smart-chernyi-4k-ultra-hd-dvb-t-60hz-dvb-t2-2019198/
"50"" Телевизор SKYWORTH 50Q66G, QLED+, 4K Ultra HD, черный, СМАРТ ТВ, Google TV";35990₽;;https://www.citilink.ru/product/televizor-qled-skyworth-50-50q66g-smart-eye-care-chernyi-4k-ultra-hd-6-2024643/
Подставка под телевизор TCL STD115G-O для 115X955;10000₽;;https://www.citilink.ru/product/podstavka-pod-televizor-tcl-std115g-o-dlya-115x955-2032194/
"32"" Телевизор Hyundai H-LED32BS5003, HD, черный, СМАРТ ТВ, YaOS";13990₽;4.8;https://www.citilink.ru/product/32-televizor-hyundai-h-led32bs5003-hd-chernyi-smart-tv-yaos-1783621/
"86"" Телевизор LG 86QNED80T6A.ARUB, QNED, 4K Ultra HD, черный титан, СМАРТ ТВ, WebOS";217990₽;;https://www.citilink.ru/product/televizor-led-lg-86-86qned80t6a-arub-smart-cher-titan-4k-ultra-hd-dvb-2026258/
"32"" Телевизор Xiaomi MI TV A 32 2025, HD, черный, СМАРТ ТВ, Android";15990₽;5;https://www.citilink.ru/product/televizor-led-xiaomi-32-mi-tv-a-32-2025-smart-chernyi-chernyi-hd-60hz-2053269/
"32"" Телевизор LG 32LQ63806LC.ARUB, FULL HD, белый, СМАРТ ТВ, WebOS";30990₽;4.9;https://www.citilink.ru/product/32-televizor-lg-32lq63806lc-arub-full-hd-belyi-smart-tv-webos-1843443/
"32"" Телевизор SunWind SUN-LED32XS300, HD, черный, СМАРТ ТВ, YaOS";10990₽;4.9;https://www.citilink.ru/product/32-televizor-sunwind-sun-led32xs300-hd-chernyi-smart-tv-yaos-1855545/
"43"" Телевизор Hyundai H-LED43BU7100, 4K Ultra HD, серый, СМАРТ ТВ, WebOS";29990₽;5;https://www.citilink.ru/product/televizor-led-hyundai-43-h-led43bu7100-smart-android-tv-frameless-cher-2022063/
"43"" Телевизор Xiaomi MI TV A 43 2025, 4K Ultra HD, черный, СМАРТ ТВ, Android TV";28990₽;4.6;https://www.citilink.ru/product/televizor-led-xiaomi-43-tv-a-43-2025-smart-frameless-chernyi-chernyi-4-2028082/
"65"" Телевизор LG OLED65C4RLA.ARUB, OLED, 4K Ultra HD, коричневый, СМАРТ ТВ, WebOS";234990₽;4;https://www.citilink.ru/product/televizor-oled-lg-65-oled65c4rla-arub-smart-t-seryi-serebristyi-4k-ult-2018010/
"43"" Телевизор Samsung UE43CU8500UXCE, Crystal UHD, 4K Ultra HD, серый, СМАРТ ТВ, Tizen OS";54890₽;4;https://www.citilink.ru/product/43-televizor-samsung-ue43cu8500uxce-crystal-uhd-4k-ultra-hd-seryi-smar-2001536/
"43"" Телевизор Hyundai H-LED43BU7006, 4K Ultra HD, черный, СМАРТ ТВ, Android TV";22990₽;4.8;https://www.citilink.ru/product/43-televizor-hyundai-h-led43bu7006-4k-ultra-hd-chernyi-smart-tv-androi-1892516/
"65"" Телевизор Hyundai H-LED65BU7100, 4K Ultra HD, серый, СМАРТ ТВ, WebOS";61990₽;4.9;https://www.citilink.ru/product/televizor-led-hyundai-65-h-led65bu7100-smart-android-tv-frameless-meta-2022066/
"55"" Телевизор Xiaomi MI TV A Pro 55 2025, QLED, 4K Ultra HD, черный, СМАРТ ТВ, Google TV";44990₽;4.2;https://www.citilink.ru/product/televizor-qled-xiaomi-55-mi-tv-a-pro-55-2025-smart-chernyi-chernyi-4k-2024451/
"55"" Телевизор TCL 55V6B-CN, 4K Ultra HD, черный, СМАРТ ТВ, Google TV";34990₽;;https://www.citilink.ru/product/televizor-led-tcl-55-55v6b-smart-chernyi-4k-ultra-hd-dvb-t-60hz-dvb-t2-2055918/
"40"" Телевизор Hyundai H-LED40BS5002, FULL HD, черный, СМАРТ ТВ, Android TV";21990₽;4.8;https://www.citilink.ru/product/40-televizor-hyundai-h-led40bs5002-full-hd-chernyi-smart-tv-android-tv-1892503/
"50"" Телевизор Xiaomi MI TV A 50 2025, 4K Ultra HD, черный, СМАРТ ТВ, Android TV";34990₽;4.6;https://www.citilink.ru/product/televizor-led-xiaomi-50-mi-tv-a-50-2025-smart-chernyi-chernyi-4k-ultra-2024186/
"32"" Телевизор SunWind SUN-LED32XB200, HD, черный";9990₽;4.8;https://www.citilink.ru/product/32-televizor-sunwind-sun-led32xb200-hd-chernyi-1779004/
"32"" Телевизор Samsung UE32T5300AUXCE, FULL HD, черный, СМАРТ ТВ, Tizen OS";25990₽;4.3;https://www.citilink.ru/product/32-televizor-samsung-ue32t5300auxce-full-hd-chernyi-smart-tv-tizen-os-1841429/
"55"" Телевизор Hyundai H-LED55BU7100, 4K Ultra HD, серый, СМАРТ ТВ, WebOS";44990₽;4.8;https://www.citilink.ru/product/televizor-led-hyundai-55-h-led55bu7100-smart-android-tv-frameless-meta-2022065/
"55"" Телевизор Xiaomi MI TV A 55 2025, 4K Ultra HD, черный, СМАРТ ТВ, Android TV";41990₽;5;https://www.citilink.ru/product/televizor-led-xiaomi-55-tv-a-55-2025-smart-frameless-chernyi-chernyi-4-2027268/
"42"" Телевизор LG OLED42C3RLA.ARUB, OLED, 4K Ultra HD, черный, СМАРТ ТВ, WebOS";138730₽;5;https://www.citilink.ru/product/42-televizor-lg-oled42c3rla-arub-oled-4k-ultra-hd-chernyi-smart-tv-web-1922938/
"55"" Телевизор Samsung UE55DU7100UXRU, Crystal UHD, 4K Ultra HD, черный, СМАРТ ТВ, Tizen OS";54990₽;5;https://www.citilink.ru/product/televizor-led-samsung-55-ue55du7100uxru-chernyi-4k-ultra-hd-dvb-t-dvb-2014051/
"24"" Телевизор YUNO ULX-24TCS221, HD, черный, СМАРТ ТВ, YaOS";17830₽;4.5;https://www.citilink.ru/product/24-televizor-yuno-ulx-24tcs221-hd-chernyi-smart-tv-yaos-1620060/
"43"" Телевизор Xiaomi TV A Pro, QLED, 4K Ultra HD, черный, СМАРТ ТВ, Google TV";30990₽;5;https://www.citilink.ru/product/televizor-plazmennyi-xiaomi-43-tv-a-pro-smart-chernyi-chernyi-4k-ultra-2062631/
"32"" Телевизор Hyundai H-LED32BS5002, HD, черный, СМАРТ ТВ, Android TV";14990₽;4.8;https://www.citilink.ru/product/32-televizor-hyundai-h-led32bs5002-hd-chernyi-smart-tv-android-tv-1892510/
"43"" Телевизор Xiaomi MI TV A 43 FHD 2025, FULL HD, черный, СМАРТ ТВ, Android";24990₽;4.5;https://www.citilink.ru/product/televizor-led-xiaomi-43-xiaomi-tv-a-43-2025-smart-android-tv-chernyi-c-2026874/
"32"" Телевизор StarWind SW-LED32SG304, HD, черный, СМАРТ ТВ, YaOS";15090₽;4.7;https://www.citilink.ru/product/32-televizor-starwind-sw-led32sg304-hd-chernyi-smart-tv-yaos-1875156/
"32"" Телевизор HAIER Smart TV M1, HD, черный, СМАРТ ТВ, Android TV";14990₽;4.9;https://www.citilink.ru/product/televizor-led-haier-32-32-smart-tv-smart-m1-chernyi-chernyi-hd-dvb-t-6-2048596/
"43"" Телевизор LG 43QNED756RA.ARUB, QNED, 4K Ultra HD, черный титан, СМАРТ ТВ, WebOS";67880₽;5;https://www.citilink.ru/product/43-televizor-lg-43qned756ra-arub-qned-4k-ultra-hd-chernyi-titan-smart-1922836/
"55"" Телевизор TCL 55С655, QLED, 4K Ultra HD, черный, СМАРТ ТВ, Google TV";49990₽;5;https://www.citilink.ru/product/televizor-qled-tcl-55-55s655-smart-chernyi-4k-ultra-hd-dvb-t-60hz-dvb-2048312/
"32"" Телевизор Digma DM-LED32SBB33, FULL HD, черный, СМАРТ ТВ, YaOS";12990₽;4.8;https://www.citilink.ru/product/televizor-led-digma-32-dm-led32sbb33-smart-yandeks-tv-frameless-cherny-2017776/
"65"" Телевизор Xiaomi MI TV A Pro 65 2025, QLED, 4K Ultra HD, черный, СМАРТ ТВ, Google TV";59990₽;4.3;https://www.citilink.ru/product/televizor-qled-xiaomi-65-tv-a-pro-65-2025-smart-frameless-chernyi-cher-2027269/
"32"" Телевизор TCL 32S5400AF, FULL HD, черный, СМАРТ ТВ, Android";18990₽;4.6;https://www.citilink.ru/product/32-televizor-tcl-32s5400af-full-hd-chernyi-smart-tv-android-1983958/
"43"" Телевизор TCL 43V6B, 4K Ultra HD, черный, СМАРТ ТВ, Google TV";28990₽;5;https://www.citilink.ru/product/televizor-led-tcl-43-43v6b-smart-chernyi-4k-ultra-hd-dvb-t-60hz-dvb-t2-2019195/
"24"" Телевизор Digma DM-LED24SBB32, HD, черный, СМАРТ ТВ, YaOS";10490₽;5;https://www.citilink.ru/product/televizor-led-digma-24-dm-led24sbb32-smart-yandeks-tv-frameless-cherny-2017764/
"50"" Телевизор Hyundai H-LED50BU7006, 4K Ultra HD, черный, СМАРТ ТВ";29990₽;4.7;https://www.citilink.ru/product/50-televizor-hyundai-h-led50bu7006-4k-ultra-hd-chernyi-smart-tv-1892517/
"43"" Телевизор Hyundai H-LED43BU7003, 4K Ultra HD, черный, СМАРТ ТВ, YaOS";22490₽;4.8;https://www.citilink.ru/product/43-televizor-hyundai-h-led43bu7003-4k-ultra-hd-chernyi-smart-tv-yaos-1783632/
"32"" Телевизор Xiaomi MI TV A 32 2025, HD, черный, СМАРТ ТВ, Android";15990₽;5;https://www.citilink.ru/product/televizor-led-xiaomi-32-tv-a-32-2025-smart-chernyi-chernyi-hd-60hz-dvb-2044034/
